id,name,model_id:id,group_id:id,perm_read,perm_write,perm_create,perm_unlink
access.student.room,access_student.room,model_student_room,base.group_user,1,1,1,1
access.student.bed,access_student.bed,model_student_bed,base.group_user,1,1,1,1
access.hostel.guard,access_hostel.guard,model_hostel_guard,base.group_user,1,1,1,1
access.hostel.student,access_hostel.student,model_hostel_student,base.group_user,1,1,1,1
access.hostel.room,access_hostel.room,model_hostel_room,base.group_user,1,1,1,1
access_hostel_admin_wizard,hostel.admin.wizard,model_hostel_admin_wizard,,1,1,1,1
